provider,source_type,source_code,source_description,canonical_concept,concept_group,signal_class,severity,direction,requires_review,can_contribute_to_decline,dedupe_key,narrative_key,notes
socure,reason_code,I1002,National ID was not provided and Socure was unable to prefill National ID for the given identity,,identity,identity,low,positive,FALSE,FALSE,I1002,,
socure,reason_code,I1003,National ID was not provided and Socure was able to prefill National ID for the given identity,,identity,identity,low,positive,FALSE,FALSE,I1003,,
socure,reason_code,I128,(Deprecated) - Social accounts history good,,identity,identity,low,positive,FALSE,FALSE,I128,,
socure,reason_code,I129,(Deprecated) - Social accounts connections good,,identity,identity,low,positive,FALSE,FALSE,I129,,
socure,reason_code,I130,(Deprecated) - Social accounts activity good,,identity,identity,low,positive,FALSE,FALSE,I130,,
socure,reason_code,I131,(Deprecated) - Social accounts well maintained,,identity,identity,low,positive,FALSE,FALSE,I131,,
socure,reason_code,I202,The input National ID is an ITIN,,identity,identity,low,positive,FALSE,FALSE,I202,,
socure,reason_code,I203,National ID was first seen in credit header records between 5 to 10 years ago,,identity,identity,low,positive,FALSE,FALSE,I203,,
socure,reason_code,I204,National ID is first seen in credit header records more than 10 years ago,,identity,identity,low,positive,FALSE,FALSE,I204,,
socure,reason_code,I205,National ID is found to be inquired once every 2 to 3 months,,identity,identity,low,positive,FALSE,FALSE,I205,,
socure,reason_code,I206,National ID is found to be inquired once every 3 to 6 months,,identity,identity,low,positive,FALSE,FALSE,I206,,
socure,reason_code,I207,National ID is found to be inquired once every 6 to 12 months,,identity,identity,low,positive,FALSE,FALSE,I207,,
socure,reason_code,I208,National ID is found to be inquired less than once a year,,identity,identity,low,positive,FALSE,FALSE,I208,,
socure,reason_code,I209,Input full name and dob combination found in property records,,identity,identity,low,positive,FALSE,FALSE,I209,,
socure,reason_code,I210,Input full name and dob combination found in education/university records,,identity,identity,low,positive,FALSE,FALSE,I210,,
socure,reason_code,I212,Input National ID is associated with multiple addresses,,identity,identity,low,positive,FALSE,FALSE,I212,,
socure,reason_code,I213,Input National ID seems to have a 1-digit error,,identity,identity,low,positive,FALSE,FALSE,I213,,
socure,reason_code,I214,Input National ID seems to have a 1-digit typo,,identity,identity,low,positive,FALSE,FALSE,I214,,
socure,reason_code,I215,Input birth year seems to have a 1-digit error,,identity,identity,low,positive,FALSE,FALSE,I215,,
socure,reason_code,I303,(Deprecated) - First name of the account holder is unknown ,,identity,identity,low,positive,FALSE,FALSE,I303,,
socure,reason_code,I303,(Deprecated) - First name of the account holder is unknown,,identity,identity,low,positive,FALSE,FALSE,I303,,
socure,reason_code,I306,(Deprecated) - Last name of the account holder is unknown,,identity,identity,low,positive,FALSE,FALSE,I306,,
socure,reason_code,I306,(Deprecated) - Last name of the account holder is unknown,,identity,identity,low,positive,FALSE,FALSE,I306,,
socure,reason_code,I309,(Deprecated) - Business name of the account is unknown,,identity,identity,low,positive,FALSE,FALSE,I309,,
socure,reason_code,I309,(Deprecated) - Business name of the account is unknown,,identity,identity,low,positive,FALSE,FALSE,I309,,
socure,reason_code,I312,(Deprecated) - DOB of the account holder is unknown,,identity,identity,low,positive,FALSE,FALSE,I312,,
socure,reason_code,I312,(Deprecated) - DOB of the account holder is unknown,,identity,identity,low,positive,FALSE,FALSE,I312,,
socure,reason_code,I315,(Deprecated) - SSN/ITIN of the account holder is unknown,,identity,identity,low,positive,FALSE,FALSE,I315,,
socure,reason_code,I315,(Deprecated) - SSN/ITIN of the account holder is unknown,,identity,identity,low,positive,FALSE,FALSE,I315,,
socure,reason_code,I318,(Deprecated) - Address of the account holder is unknown,,identity,identity,low,positive,FALSE,FALSE,I318,,
socure,reason_code,I318,(Deprecated) - Address of the account holder is unknown,,identity,identity,low,positive,FALSE,FALSE,I318,,
socure,reason_code,I322,Account is correlated with the EIN,,identity,identity,low,positive,FALSE,FALSE,I322,,
socure,reason_code,I322,Account is correlated with the EIN,,identity,identity,low,positive,FALSE,FALSE,I322,,
socure,reason_code,I323,Account is conditionally correlated with the EIN,,identity,identity,low,positive,FALSE,FALSE,I323,,
socure,reason_code,I323,Account is conditionally correlated with the EIN,,identity,identity,low,positive,FALSE,FALSE,I323,,
socure,reason_code,I324,(Deprecated) - EIN number of the account holder is unknown,,identity,identity,low,positive,FALSE,FALSE,I324,,
socure,reason_code,I324,(Deprecated) - EIN number of the account holder is unknown,,identity,identity,low,positive,FALSE,FALSE,I324,,
socure,reason_code,I325,SSN derived from ID Graph,,identity,identity,low,positive,FALSE,FALSE,I325,,
socure,reason_code,I326,DOB derived from ID Graph,,identity,identity,low,positive,FALSE,FALSE,I326,,
socure,reason_code,I328,Indicates if the account has been seen in the last 15 days,,identity,identity,low,positive,FALSE,FALSE,I328,,
socure,reason_code,I329,Indicates if the account has been seen in the between 15 and 30 days,,identity,identity,low,positive,FALSE,FALSE,I329,,
socure,reason_code,I330,Indicates if the account has been seen in the between 30 and 45 days,,identity,identity,low,positive,FALSE,FALSE,I330,,
socure,reason_code,I331,Indicates if the account has been seen in the between 45 and 60 days,,identity,identity,low,positive,FALSE,FALSE,I331,,
socure,reason_code,I332,Indicates if the account has been seen in the between 60 and 75 days,,identity,identity,low,positive,FALSE,FALSE,I332,,
socure,reason_code,I333,Indicates if the account has been seen in the between 75 and 90 days,,identity,identity,low,positive,FALSE,FALSE,I333,,
socure,reason_code,I334,Indicates if the account has been seen in the between 90 and 120 days,,identity,identity,low,positive,FALSE,FALSE,I334,,
socure,reason_code,I335,Indicates if the account has been seen in the between 120 and 150 days,,identity,identity,low,positive,FALSE,FALSE,I335,,
socure,reason_code,I336,Indicates if the account has been seen in the between 150 and 180 days,,identity,identity,low,positive,FALSE,FALSE,I336,,
socure,reason_code,I337,Indicates if the account has been seen in the between 180 and 210 days,,identity,identity,low,positive,FALSE,FALSE,I337,,
socure,reason_code,I338,Indicates if the account has been seen in the between 210 and 240 days,,identity,identity,low,positive,FALSE,FALSE,I338,,
socure,reason_code,I339,Indicates if the account has been seen in the between 240 and 270 days,,identity,identity,low,positive,FALSE,FALSE,I339,,
socure,reason_code,I340,(Deprecated) - Indicates if the account has been seen over 270 days ago,,identity,identity,low,positive,FALSE,FALSE,I340,,
socure,reason_code,I341,Indicates if the account has been seen in the between 270 and 300 days,,identity,identity,low,positive,FALSE,FALSE,I341,,
socure,reason_code,I342,Indicates if the account has been seen in the between 300 and 365 days,,identity,identity,low,positive,FALSE,FALSE,I342,,
socure,reason_code,I343,Indicates if the account has been seen in the between 365 and 730 days,,identity,identity,low,positive,FALSE,FALSE,I343,,
socure,reason_code,I344,Indicates if the account has been seen over 730 days ago,,identity,identity,low,positive,FALSE,FALSE,I344,,
socure,reason_code,I350,DOB indicates an age between 18 and 20,,identity,identity,low,positive,FALSE,FALSE,I350,,
socure,reason_code,I351,DOB indicates an age of 21 and over,,identity,identity,low,positive,FALSE,FALSE,I351,,
socure,reason_code,I380,(Deprecated) - Document authentic,,identity,identity,low,positive,FALSE,FALSE,I380,,
socure,reason_code,I382,(Deprecated) - Document image quality good,,identity,identity,low,positive,FALSE,FALSE,I382,,
socure,reason_code,I385,(Deprecated) - Image represents an ID,,identity,identity,low,positive,FALSE,FALSE,I385,,
socure,reason_code,I401,Device token previously encountered,,identity,identity,low,positive,FALSE,FALSE,I401,,
socure,reason_code,I402,Multiple users associated with device,,identity,identity,low,positive,FALSE,FALSE,I402,,
socure,reason_code,I403,Identity may not be primary device user,,identity,identity,low,positive,FALSE,FALSE,I403,,
socure,reason_code,I404,Identity associated with primary device owner,,identity,identity,low,positive,FALSE,FALSE,I404,,
socure,reason_code,I407,Device token previously associated with first name,,identity,identity,low,positive,FALSE,FALSE,I407,,
socure,reason_code,I408,Device token previously associated with last name,,identity,identity,low,positive,FALSE,FALSE,I408,,
socure,reason_code,I409,Device token not encountered within the past 5 days,,identity,identity,low,positive,FALSE,FALSE,I409,,
socure,reason_code,I412,Device session is associated with more than 2 first names,,identity,identity,low,positive,FALSE,FALSE,I412,,
socure,reason_code,I413,Device session is associated with more than 2 last names,,identity,identity,low,positive,FALSE,FALSE,I413,,
socure,reason_code,I414,Session connected using a proxy,,identity,identity,low,positive,FALSE,FALSE,I414,,
socure,reason_code,I415,Session connected using an IP located more than 100 miles from the address,,identity,identity,low,positive,FALSE,FALSE,I415,,
socure,reason_code,I416,Session IP originates from within the United States,,identity,identity,low,positive,FALSE,FALSE,I416,,
socure,reason_code,I417,Session IP originates from outside the United States,,identity,identity,low,positive,FALSE,FALSE,I417,,
socure,reason_code,I419,Session connected using a residential IP address,,identity,identity,low,positive,FALSE,FALSE,I419,,
socure,reason_code,I421,Session connected using a mobile IP address,,identity,identity,low,positive,FALSE,FALSE,I421,,
socure,reason_code,I423,Device is a physical device,,identity,identity,low,positive,FALSE,FALSE,I423,,
socure,reason_code,I424,The device type is a desktop or laptop computer,,identity,identity,low,positive,FALSE,FALSE,I424,,
socure,reason_code,I425,"The device type is mobile, tablet or wearable",,identity,identity,low,positive,FALSE,FALSE,I425,,
socure,reason_code,I428,Mobile network associated with the device is a non-US carrier,,identity,identity,low,positive,FALSE,FALSE,I428,,
socure,reason_code,I429,The IP address associated with the request comes from US or a US territory,,identity,identity,low,positive,FALSE,FALSE,I429,,
socure,reason_code,I430,The IP address associated with the request does not come from US or a US territory,,identity,identity,low,positive,FALSE,FALSE,I430,,
socure,reason_code,I431,The timezone set on the device indicates that the device is in the US,,identity,identity,low,positive,FALSE,FALSE,I431,,
socure,reason_code,I631,IP address is provided by a mobile carrier,,identity,identity,low,positive,FALSE,FALSE,I631,,
socure,reason_code,I632,IP Connection is consumer,,identity,identity,low,positive,FALSE,FALSE,I632,,
socure,reason_code,I633,IP Connection is business,,identity,identity,low,positive,FALSE,FALSE,I633,,
socure,reason_code,I634,Proxy is an educational institution,,identity,identity,low,positive,FALSE,FALSE,I634,,
socure,reason_code,I635,Proxy is registered to a corporation,,identity,identity,low,positive,FALSE,FALSE,I635,,
socure,reason_code,I636,IP address originates from the US or US territories,,identity,identity,low,positive,FALSE,FALSE,I636,,
socure,reason_code,I638,IP proxy is originating from Google or Apple consumer privacy networks,,identity,identity,low,positive,FALSE,FALSE,I638,,
socure,reason_code,I639,IP address is a consumer privacy network proxy,,identity,identity,low,positive,FALSE,FALSE,I639,,
socure,reason_code,I641,Presented identity shows high overall correlation in Socures network,,identity,identity,low,positive,FALSE,FALSE,I641,,
socure,reason_code,I704,Address is multi-unit or high rise,,identity,identity,low,positive,FALSE,FALSE,I704,,
socure,reason_code,I705,Address is single unit,,identity,identity,low,positive,FALSE,FALSE,I705,,
socure,reason_code,I706,Address is an accredited college or university,,identity,identity,low,positive,FALSE,FALSE,I706,,
socure,reason_code,I707,Address is residential,,identity,identity,low,positive,FALSE,FALSE,I707,,
socure,reason_code,I708,Address can be resolved to the individual,,identity,identity,low,positive,FALSE,FALSE,I708,,
socure,reason_code,I711,Address is confirmed as deliverable,,identity,identity,low,positive,FALSE,FALSE,I711,,
socure,reason_code,I712,"Address is confirmed deliverable by dropping secondary information (apartment, unit, etc.)",,identity,identity,low,positive,FALSE,FALSE,I712,,
socure,reason_code,I713,"Address is confirmed deliverable but was missing secondary information (apartment, unit, etc.)",,identity,identity,low,positive,FALSE,FALSE,I713,,
socure,reason_code,I714,Address is valid but does not currently receive US Postal Service street delivery,,identity,identity,low,positive,FALSE,FALSE,I714,,
socure,reason_code,I716,Address is a Small Office/Home Office (SOHO),,identity,identity,low,positive,FALSE,FALSE,I716,,
socure,reason_code,I720,Addressrisk score represents low risk,,identity,identity,low,positive,FALSE,FALSE,I720,,
socure,reason_code,I730,Distance between input address and store address is less than15 miles,,identity,identity,low,positive,FALSE,FALSE,I730,,
socure,reason_code,I731,Distance between input address and store address is between 15 miles and 30 miles,,identity,identity,low,positive,FALSE,FALSE,I731,,
socure,reason_code,I732,Distance between input address and store address is between 30 miles and 60 miles,,identity,identity,low,positive,FALSE,FALSE,I732,,
socure,reason_code,I803,Check Digit Integrity passed,,identity,identity,low,positive,FALSE,FALSE,I803,,
socure,reason_code,I805,(Deprecated) - Image DPI not sufficient for detailed analysis; some tests were not conducted,,identity,identity,low,positive,FALSE,FALSE,I805,,
socure,reason_code,I820,Headshot passes integrity checks,,identity,identity,low,positive,FALSE,FALSE,I820,,
socure,reason_code,I826,Document ID information is consistent,,identity,identity,low,positive,FALSE,FALSE,I826,,
socure,reason_code,I831,Bar code data is valid,,identity,identity,low,positive,FALSE,FALSE,I831,,
socure,reason_code,I832,(Deprecated) - ID bar code matches the document data,,identity,identity,low,positive,FALSE,FALSE,I832,,
socure,reason_code,I833,MRZ data is valid,,identity,identity,low,positive,FALSE,FALSE,I833,,
socure,reason_code,I835,Profile image contains one face,,identity,identity,low,positive,FALSE,FALSE,I835,,
socure,reason_code,I836,Profile image matches ID image,,identity,identity,low,positive,FALSE,FALSE,I836,,
socure,reason_code,I838,"Barcode data could not be read, and was not used in document analysis",,identity,identity,low,positive,FALSE,FALSE,I838,,
socure,reason_code,I845,Age meets minimum requirements,,identity,identity,low,positive,FALSE,FALSE,I845,,
socure,reason_code,I849,Incorrect ID type selected,,identity,identity,low,positive,FALSE,FALSE,I849,,
socure,reason_code,I854,The back of the license was not passed; no barcode to extract information,,identity,identity,low,positive,FALSE,FALSE,I854,,
socure,reason_code,I856,Liveness was not determined,,identity,identity,low,positive,FALSE,FALSE,I856,,
socure,reason_code,I859,Image validated against past headshots,,identity,identity,low,positive,FALSE,FALSE,I859,,
socure,reason_code,I860,Image correlation was not calculated for alert list,,identity,identity,low,positive,FALSE,FALSE,I860,,
socure,reason_code,I866,AAMVA ran successfully,,identity,identity,low,positive,FALSE,FALSE,I866,,
socure,reason_code,I867,All fields matched AAMVA,,identity,identity,low,positive,FALSE,FALSE,I867,,
socure,reason_code,I868,Jurisdiction or ID Type not supported by AAMVA,,identity,identity,low,positive,FALSE,FALSE,I868,,
socure,reason_code,I869,ID number did match AAMVA,,identity,identity,low,positive,FALSE,FALSE,I869,,
socure,reason_code,I880,Middle initial did match AAMVA,,identity,identity,low,positive,FALSE,FALSE,I880,,
socure,reason_code,I882,Doc Category did match AAMVA,,identity,identity,low,positive,FALSE,FALSE,I882,,
socure,reason_code,I883,Issue date did match AAMVA,,identity,identity,low,positive,FALSE,FALSE,I883,,
socure,reason_code,I884,Expiration did match AAMVA,,identity,identity,low,positive,FALSE,FALSE,I884,,
socure,reason_code,I885,Sex did match AAMVA,,identity,identity,low,positive,FALSE,FALSE,I885,,
socure,reason_code,I886,Height did match AAMVA,,identity,identity,low,positive,FALSE,FALSE,I886,,
socure,reason_code,I887,Weight did match AAMVA,,identity,identity,low,positive,FALSE,FALSE,I887,,
socure,reason_code,I888,Eye color did match AAMVA,,identity,identity,low,positive,FALSE,FALSE,I888,,
socure,reason_code,I902,(Deprecated) - Entered name missing,,identity,identity,low,positive,FALSE,FALSE,I902,,
socure,reason_code,I903,Address was not provided at input,,identity,identity,low,positive,FALSE,FALSE,I903,,
socure,reason_code,I904,SSN/ITIN was not provided at input,,identity,identity,low,positive,FALSE,FALSE,I904,,
socure,reason_code,I905,SSN/ITIN provided at input contained only 4 digits,,identity,identity,low,positive,FALSE,FALSE,I905,,
socure,reason_code,I906,DOB was not provided at input,,identity,identity,low,positive,FALSE,FALSE,I906,,
socure,reason_code,I907,SSN is issued to a non-US citizen,,identity,identity,low,positive,FALSE,FALSE,I907,,
socure,reason_code,I909,First name and last name are possibly reversed,,identity,identity,low,positive,FALSE,FALSE,I909,,
socure,reason_code,I911,Address is a PO Box,,identity,identity,low,positive,FALSE,FALSE,I911,,
socure,reason_code,I912,SSN was randomly-issued by the SSA,,identity,identity,low,positive,FALSE,FALSE,I912,,
socure,reason_code,I915,Identity has PO Box is dropped in resolved address,,identity,identity,low,positive,FALSE,FALSE,I915,,
socure,reason_code,I917,Full name and address can be resolved to the individual but the SSN/ITIN is not,,identity,identity,low,positive,FALSE,FALSE,I917,,
socure,reason_code,I919,"Full name, address, and SSN/ITIN can be resolved to the individual",,identity,identity,low,positive,FALSE,FALSE,I919,,
socure,reason_code,I920,Emerging identity indicator,,identity,identity,low,positive,FALSE,FALSE,I920,,
socure,reason_code,I921,Address is an accredited college or university,,identity,identity,low,positive,FALSE,FALSE,I921,,
socure,reason_code,I922,Mobile number was not provided at input,,identity,identity,low,positive,FALSE,FALSE,I922,,
socure,reason_code,I924,SSN/ITIN missing at input but available on record,,identity,identity,low,positive,FALSE,FALSE,I924,,
socure,reason_code,I931,First name or last name may refer to a non-person entity,,identity,identity,low,positive,FALSE,FALSE,I931,,
socure,reason_code,I933,Multi-party application detected,,identity,identity,low,positive,FALSE,FALSE,I933,,
socure,reason_code,I975,Non-MLA covered borrower status,,identity,identity,low,positive,FALSE,FALSE,I975,,
socure,reason_code,I990,Either emergent address or recent move,,identity,identity,low,positive,FALSE,FALSE,I990,,
socure,reason_code,R1001,Found at least 2 distinct DOBs associated with the given identity,,identity,identity,medium,negative,TRUE,FALSE,R1001,,
socure,reason_code,R1002,Found at least 4 distinct first names associated with the given identity,,identity,identity,medium,negative,TRUE,FALSE,R1002,,
socure,reason_code,R1003,Found at least 4 distinct last names associated with the given identity,,identity,identity,medium,negative,TRUE,FALSE,R1003,,
socure,reason_code,R1008,Found at least 2 applications within 30 days of each other associated with the given identity,,identity,identity,medium,negative,TRUE,FALSE,R1008,,
socure,reason_code,R1009,Found at least 2 applications within 90 days of each other associated with the given identity,,identity,identity,medium,negative,TRUE,FALSE,R1009,,
socure,reason_code,R1014,Found at least 1 account marked as Delinquency associated with the given identity,,identity,identity,medium,negative,TRUE,FALSE,R1014,,
socure,reason_code,R1015,Found at least 1 closed account associated with the given identity,,identity,identity,medium,negative,TRUE,FALSE,R1015,,
socure,reason_code,R1016,Found at least 5 closed accounts associated with the given identity,,identity,identity,medium,negative,TRUE,FALSE,R1016,,
socure,reason_code,R1017,Found at least 2 accounts that were opened within 30 days from each other associated with the given identity,,identity,identity,medium,negative,TRUE,FALSE,R1017,,
socure,reason_code,R1018,Found at least 2 accounts that were opened within 90 days from each other associated with the given identity,,identity,identity,medium,negative,TRUE,FALSE,R1018,,
socure,reason_code,R1019,Found at least 2 accounts that were closed within 30 days from each other associated with the given identity,,identity,identity,medium,negative,TRUE,FALSE,R1019,,
socure,reason_code,R1021,Found at least 1 account that has been closed within 30 days from opening associated with the given identity,,identity,identity,medium,negative,TRUE,FALSE,R1021,,
socure,reason_code,R1027,Found at least 1 ACH transaction reported as Delinquency associated with the given identity,,identity,identity,medium,negative,TRUE,FALSE,R1027,,
socure,reason_code,R1028,Found at least 10 returned ACH transactions associated with the given identity,,identity,identity,medium,negative,TRUE,FALSE,R1028,,
socure,reason_code,R1037,Found at least 1 Check transaction reported as Delinquency associated with the given identity,,identity,identity,medium,negative,TRUE,FALSE,R1037,,
socure,reason_code,R1043,Found at least 10 disputed Card transactions associated with the given identity,,identity,identity,medium,negative,TRUE,FALSE,R1043,,
socure,reason_code,R1044,Found at least 20 disputed Card transactions associated with the given identity,,identity,identity,medium,negative,TRUE,FALSE,R1044,,
socure,reason_code,R1045,Found at least 5 Unauthorized disputed Card transactions associated with the given identity,,identity,identity,medium,negative,TRUE,FALSE,R1045,,
socure,reason_code,R1046,Found at least 5 Authorized disputed Card transactions associated with the given identity,,identity,identity,medium,negative,TRUE,FALSE,R1046,,
socure,reason_code,R1047,Found at least 5 Granted disputed Card transactions associated with the given identity,,identity,identity,medium,negative,TRUE,FALSE,R1047,,
socure,reason_code,R1048,Found at least 10 Granted disputed Card transactions associated with the given identity,,identity,identity,medium,negative,TRUE,FALSE,R1048,,
socure,reason_code,R1049,Found at least 2 disputed Card transactions within 1 day from one another associated with the given identity,,identity,identity,medium,negative,TRUE,FALSE,R1049,,
socure,reason_code,R1050,Found at least 2 disputed Card transactions within 7 days from one another associated with the given identity,,identity,identity,medium,negative,TRUE,FALSE,R1050,,
socure,reason_code,R1051,Found at least 1 disputed Card transaction committed within 1 day from account opening associated with the given identity,,identity,identity,medium,negative,TRUE,FALSE,R1051,,
socure,reason_code,R1052,Found at least 1 disputed Card transaction committed within 7 days from account opening associated with the given identity,,identity,identity,medium,negative,TRUE,FALSE,R1052,,
socure,reason_code,R106,Identity element in Alert List,,identity,identity,medium,negative,TRUE,FALSE,R106,,
socure,reason_code,R112,(Deprecated) - IP Address on Alert List,,identity,identity,medium,warning,TRUE,FALSE,R112,,
socure,reason_code,R128,(Deprecated) - Social accounts history insufficient,,identity,identity,medium,negative,TRUE,FALSE,R128,,
socure,reason_code,R129,(Deprecated) - Social accounts connections unnatural,,identity,identity,medium,negative,TRUE,FALSE,R129,,
socure,reason_code,R130,(Deprecated) - Social accounts activity unnatural,,identity,identity,medium,negative,TRUE,FALSE,R130,,
socure,reason_code,R131,(Deprecated) - Social accounts unmaintained,,identity,identity,medium,negative,TRUE,FALSE,R131,,
socure,reason_code,R143,IP Address tagged as negative,,identity,identity,medium,warning,TRUE,FALSE,R143,,
socure,reason_code,R144,Full name tagged as negative,,identity,identity,medium,negative,TRUE,FALSE,R144,,
socure,reason_code,R145,SSN tagged as negative,,identity,identity,medium,negative,TRUE,FALSE,R145,,
socure,reason_code,R146,Device tagged as negative,,identity,identity,medium,negative,TRUE,FALSE,R146,,
socure,reason_code,R150,Unable to call Negative/Positive service,,identity,identity,medium,negative,TRUE,FALSE,R150,,
socure,reason_code,R163,IP Address tagged as suspect,,identity,identity,medium,warning,TRUE,FALSE,R163,,
socure,reason_code,R164,Full name tagged as suspect,,identity,identity,medium,negative,TRUE,FALSE,R164,,
socure,reason_code,R165,SSN tagged as suspect,,identity,identity,medium,negative,TRUE,FALSE,R165,,
socure,reason_code,R166,Device tagged as suspect,,identity,identity,medium,negative,TRUE,FALSE,R166,,
socure,reason_code,R183,Entity has at least 1 match on an enforcement list,,identity,identity,medium,negative,TRUE,FALSE,R183,,
socure,reason_code,R184,Entity has at least 1 hit on a politically exposed person list,,identity,identity,medium,negative,TRUE,FALSE,R184,,
socure,reason_code,R187,Address resolves to a High-Intensity Drug Trafficking Area,,identity,identity,medium,warning,TRUE,FALSE,R187,,
socure,reason_code,R188,Address resolves to a High-Intensity Financial Crime Area,,identity,identity,medium,warning,TRUE,FALSE,R188,,
socure,reason_code,R201,Input National ID is invalid,,identity,identity,medium,negative,TRUE,FALSE,R201,,
socure,reason_code,R203,Multiple identities are associated with input National ID,,identity,identity,medium,negative,TRUE,FALSE,R203,,
socure,reason_code,R204,Input National ID is associated with multiple last names,,identity,identity,medium,negative,TRUE,FALSE,R204,,
socure,reason_code,R206,Input National ID was issued prior to the input date-of-birth,,identity,identity,medium,negative,TRUE,FALSE,R206,,
socure,reason_code,R207,Input National ID is associated with multiple DOBs,,identity,identity,medium,negative,TRUE,FALSE,R207,,
socure,reason_code,R208,SSN/ITIN is associated with multiple addresses,,identity,identity,medium,warning,TRUE,FALSE,R208,,
socure,reason_code,R209,No former addresses associated with the National ID,,identity,identity,medium,warning,TRUE,FALSE,R209,,
socure,reason_code,R210,Frequency of SSN in Socure records is unusually high,,identity,identity,medium,negative,TRUE,FALSE,R210,,
socure,reason_code,R211,SSN seen in frozen credit files,,identity,identity,medium,negative,TRUE,FALSE,R211,,
socure,reason_code,R212,Input last name is not associated with the National ID,,identity,identity,medium,negative,TRUE,FALSE,R212,,
socure,reason_code,R213,Name does not correlate with the name for the resolved individual,,identity,identity,medium,negative,TRUE,FALSE,R213,,
socure,reason_code,R215,First name is not associated with the National ID,,identity,identity,medium,negative,TRUE,FALSE,R215,,
socure,reason_code,R217,SSN was randomly-issued by the SSA,,identity,identity,medium,negative,TRUE,FALSE,R217,,
socure,reason_code,R218,Input National ID is not the primary National ID for the resolved identity,,identity,identity,medium,negative,TRUE,FALSE,R218,,
socure,reason_code,R220,Issue date for the provided SSN could not be resolved,,identity,identity,medium,negative,TRUE,FALSE,R220,,
socure,reason_code,R222,Input SSN could not be confirmed,,identity,identity,medium,negative,TRUE,FALSE,R222,,
socure,reason_code,R227,National ID is found to be inquired at an unusually high frequency (more than once a month),,identity,identity,medium,negative,TRUE,FALSE,R227,,
socure,reason_code,R230,National ID was first seen in credit header records within the last 1 year,,identity,identity,medium,negative,TRUE,FALSE,R230,,
socure,reason_code,R231,National ID was first seen in credit header records between 1 to 3 years ago,,identity,identity,medium,negative,TRUE,FALSE,R231,,
socure,reason_code,R232,National ID was first seen in credit header records between 3 to 5 years ago,,identity,identity,medium,negative,TRUE,FALSE,R232,,
socure,reason_code,R233,No National ID found in credit header records for the given full name and DOB,,identity,identity,medium,negative,TRUE,FALSE,R233,,
socure,reason_code,R234,National IDs in credit header data associated with full name and DOB differ from input National ID by 1 digit,,identity,identity,medium,negative,TRUE,FALSE,R234,,
socure,reason_code,R238,National IDs in credit header data associated with full name and DOB differ from input National ID by up to 2 digits,,identity,identity,medium,negative,TRUE,FALSE,R238,,
socure,reason_code,R239,National IDs in credit header data associated with full name and DOB differ from input National ID by up to 3 digits,,identity,identity,medium,negative,TRUE,FALSE,R239,,
socure,reason_code,R240,Input SSN was issued more than 2 years after the resolved birth year,,identity,identity,medium,negative,TRUE,FALSE,R240,,
socure,reason_code,R241,Input National ID seems to have a 2-digit error,,identity,identity,medium,negative,TRUE,FALSE,R241,,
socure,reason_code,R242,Input National ID seems to be off by more than 2 digits from the individuals National ID,,identity,identity,medium,negative,TRUE,FALSE,R242,,
socure,reason_code,R308,Account is not correlated with the EIN,,identity,identity,medium,negative,TRUE,FALSE,R308,,
socure,reason_code,R308,Account is not correlated with the EIN,,identity,identity,medium,negative,TRUE,FALSE,R308,,
socure,reason_code,R309,Provided routing number is invalid,,identity,identity,medium,negative,TRUE,FALSE,R309,,
socure,reason_code,R309,Provided routing number is invalid,,identity,identity,medium,negative,TRUE,FALSE,R309,,
socure,reason_code,R310,Provided account number is invalid,,identity,identity,medium,negative,TRUE,FALSE,R310,,
socure,reason_code,R310,Provided account number is invalid,,identity,identity,medium,negative,TRUE,FALSE,R310,,
socure,reason_code,R311,Account warning,,identity,identity,medium,negative,TRUE,FALSE,R311,,
socure,reason_code,R312,Account information is not available,,identity,identity,medium,negative,TRUE,FALSE,R312,,
socure,reason_code,R313,Account structure issue,,identity,identity,medium,negative,TRUE,FALSE,R313,,
socure,reason_code,R315,Elevated account return risk,,identity,identity,medium,negative,TRUE,FALSE,R315,,
socure,reason_code,R316,Primary Failure Indicator,,identity,identity,medium,negative,TRUE,FALSE,R316,,
socure,reason_code,R317,Account Closed Indicator,,identity,identity,medium,negative,TRUE,FALSE,R317,,
socure,reason_code,R318,Account Blocked Indicator,,identity,identity,medium,negative,TRUE,FALSE,R318,,
socure,reason_code,R319,Invalid Account Number Indicator,,identity,identity,medium,negative,TRUE,FALSE,R319,,
socure,reason_code,R350,DOB indicates individual is less than 16 or more than 100 years old,,identity,identity,medium,negative,TRUE,FALSE,R350,,
socure,reason_code,R351,DOB indicates COPPA review,,identity,identity,medium,negative,TRUE,FALSE,R351,,
socure,reason_code,R352,DOB indicates an age between 13 and 15,,identity,identity,medium,negative,TRUE,FALSE,R352,,
socure,reason_code,R353,DOB indicates an age between 16 and 17,,identity,identity,medium,negative,TRUE,FALSE,R353,,
socure,reason_code,R355,(Deprecated) - DOB indicates an improbable age,,identity,identity,medium,negative,TRUE,FALSE,R355,,
socure,reason_code,R380,(Deprecated) - Document forged,,identity,identity,medium,negative,TRUE,FALSE,R380,,
socure,reason_code,R381,(Deprecated) - Document verification inconclusive,,identity,identity,medium,negative,TRUE,FALSE,R381,,
socure,reason_code,R382,(Deprecated) - Document image quality bad,,identity,identity,medium,negative,TRUE,FALSE,R382,,
socure,reason_code,R383,(Deprecated) - Document image quality unassessable,,identity,identity,medium,negative,TRUE,FALSE,R383,,
socure,reason_code,R384,(Deprecated) - Document expired,,identity,identity,medium,negative,TRUE,FALSE,R384,,
socure,reason_code,R385,(Deprecated) - Image does not represent an ID,,identity,identity,medium,negative,TRUE,FALSE,R385,,
socure,reason_code,R401,Device token was not previously encountered,,identity,identity,medium,negative,TRUE,FALSE,R401,,
socure,reason_code,R402,Invalid device token,,identity,identity,medium,negative,TRUE,FALSE,R402,,
socure,reason_code,R403,Device is a virtual device,,identity,identity,medium,negative,TRUE,FALSE,R403,,
socure,reason_code,R405,"The Device Risk module was called, but a device token was not provided",,identity,identity,medium,negative,TRUE,FALSE,R405,,
socure,reason_code,R406,Device risk score represents high risk,,identity,identity,medium,negative,TRUE,FALSE,R406,,
socure,reason_code,R408,Associated device is likely to be an emulator,,identity,identity,medium,negative,TRUE,FALSE,R408,,
socure,reason_code,R409,Associated device is connected to mobile network which are historically risky,,identity,identity,medium,negative,TRUE,FALSE,R409,,
socure,reason_code,R410,Transaction may not be from primary user associated with the device and looks risky,,identity,identity,medium,negative,TRUE,FALSE,R410,,
socure,reason_code,R411,The device has an uncommon language set for North America,,identity,identity,medium,negative,TRUE,FALSE,R411,,
socure,reason_code,R413,The devices IP address more than 3 timezones away from the IP the request is made from,,identity,identity,medium,warning,TRUE,FALSE,R413,,
socure,reason_code,R414,Device operating system is running an uncommon/old version,,identity,identity,medium,negative,TRUE,FALSE,R414,,
socure,reason_code,R581,The domain appears to occur far more frequently than usual based on our consortium data,,identity,identity,medium,negative,TRUE,FALSE,R581,,
socure,reason_code,R595,The domain provided appears 30% more on average in the last 1 day as compared to the last 30 days,,identity,identity,medium,negative,TRUE,FALSE,R595,,
socure,reason_code,R610,IP address geolocation places user more than 100 miles from address,,identity,identity,medium,warning,TRUE,FALSE,R610,,
socure,reason_code,R619,IP address is a known proxy,,identity,identity,medium,warning,TRUE,FALSE,R619,,
socure,reason_code,R635,(Deprecated) - The device has changed once within the past 7 days and at least once more within the past 90 days,,identity,identity,medium,negative,TRUE,FALSE,R635,,
socure,reason_code,R636,(Deprecated) - Mobile device tenure is less than 90 days,,identity,identity,medium,negative,TRUE,FALSE,R636,,
socure,reason_code,R637,(Deprecated) - Mobile SIM tenure is less than 90 days,,identity,identity,medium,negative,TRUE,FALSE,R637,,
socure,reason_code,R638,IP address originates from the US or US territories,,identity,identity,medium,warning,TRUE,FALSE,R638,,
socure,reason_code,R639,IP address originates from outside of the US or US territories,,identity,identity,medium,warning,TRUE,FALSE,R639,,
socure,reason_code,R641,"Proxy is from services that change location to beat DRM,TOR points, temporary proxies and other masking services",,identity,identity,medium,negative,TRUE,FALSE,R641,,
socure,reason_code,R642,IP address is associated with a cloud hosting provider and is likely a proxy. Users are not usually located in a hosting facility,,identity,identity,medium,warning,TRUE,FALSE,R642,,
socure,reason_code,R643,IP address is associated with a location allowing public internet access,,identity,identity,medium,warning,TRUE,FALSE,R643,,
socure,reason_code,R644,IP proxy is cloud-based,,identity,identity,medium,negative,TRUE,FALSE,R644,,
socure,reason_code,R645,IP proxy is TOR-based,,identity,identity,medium,negative,TRUE,FALSE,R645,,
socure,reason_code,R646,IP proxy is VPN-based,,identity,identity,medium,negative,TRUE,FALSE,R646,,
socure,reason_code,R647,IP proxy is cloud-security-based,,identity,identity,medium,negative,TRUE,FALSE,R647,,
socure,reason_code,R650,IP address is associated with an anonymizing proxy,,identity,identity,medium,warning,TRUE,FALSE,R650,,
socure,reason_code,R652,IP address is associated with spam activity,,identity,identity,medium,warning,TRUE,FALSE,R652,,
socure,reason_code,R653,IP address origin and usage indicates non-human traffic,,identity,identity,medium,warning,TRUE,FALSE,R653,,
socure,reason_code,R663,IP address geolocation places user more than 300 miles from address,,identity,identity,medium,warning,TRUE,FALSE,R663,,
socure,reason_code,R665,Presented identity shows low overall correlation in Socures network,,identity,identity,medium,negative,TRUE,FALSE,R665,,
socure,reason_code,R667,Presented identity uses uncommon communication channels,,identity,identity,medium,negative,TRUE,FALSE,R667,,
socure,reason_code,R668,Transaction characteristics match an ongoing anomaly,,identity,identity,medium,negative,TRUE,FALSE,R668,,
socure,reason_code,R669,"PII operates greater than 1,000 miles from usual location",,identity,identity,medium,negative,TRUE,FALSE,R669,,
socure,reason_code,R702,Address is not confirmed as deliverable,,identity,identity,medium,warning,TRUE,FALSE,R702,,
socure,reason_code,R704,Address is a correctional facility,,identity,identity,medium,warning,TRUE,FALSE,R704,,
socure,reason_code,R705,Address cannot be resolved to the individual,,identity,identity,medium,warning,TRUE,FALSE,R705,,
socure,reason_code,R708,Address is a PO Box,,identity,identity,medium,warning,TRUE,FALSE,R708,,
socure,reason_code,R710,Address is a military location,,identity,identity,medium,warning,TRUE,FALSE,R710,,
socure,reason_code,R711,"Address is a unique ZIP code, or corporate only, routing all mail internally by the assigned organization rather than by the USPS",,identity,identity,medium,warning,TRUE,FALSE,R711,,
socure,reason_code,R720,Addressrisk score represents high risk,,identity,identity,medium,warning,TRUE,FALSE,R720,,
socure,reason_code,R722,The input state or ZIP was corrected during address standardisation,,identity,identity,medium,warning,TRUE,FALSE,R722,,
socure,reason_code,R724,Address is a filler address,,identity,identity,medium,warning,TRUE,FALSE,R724,,
socure,reason_code,R733,Distance between input address and store address is between 60 miles and 100 miles,,identity,identity,medium,warning,TRUE,FALSE,R733,,
socure,reason_code,R734,Distance between input address and store address is between 100 miles and 500 miles,,identity,identity,medium,warning,TRUE,FALSE,R734,,
socure,reason_code,R735,Distance between input address and store address is greater than=500 miles,,identity,identity,medium,warning,TRUE,FALSE,R735,,
socure,reason_code,R801,Photo from the ID document could not be extracted or is not usable,,identity,identity,medium,negative,TRUE,FALSE,R801,,
socure,reason_code,R803,Check Digit Assessment failed on the barcode,,identity,identity,medium,negative,TRUE,FALSE,R803,,
socure,reason_code,R804,(Deprecated) - The image doesnt meet the minimum color requirements,,identity,identity,medium,negative,TRUE,FALSE,R804,,
socure,reason_code,R805,Document ID is a paper copy,,identity,identity,medium,negative,TRUE,FALSE,R805,,
socure,reason_code,R806,The image was processed with editing software tool,,identity,identity,medium,negative,TRUE,FALSE,R806,,
socure,reason_code,R807,The Image Capture Integrity failed,,identity,identity,medium,negative,TRUE,FALSE,R807,,
socure,reason_code,R809,The text in the document has been modified,,identity,identity,medium,negative,TRUE,FALSE,R809,,
socure,reason_code,R810,The layout and patterns integrity of the document failed,,identity,identity,medium,negative,TRUE,FALSE,R810,,
socure,reason_code,R811,Invalidated or voided ID,,identity,identity,medium,negative,TRUE,FALSE,R811,,
socure,reason_code,R812,The photograph placement in the submitted image is not authentic,,identity,identity,medium,negative,TRUE,FALSE,R812,,
socure,reason_code,R815,Device tampering or injection risk,,identity,identity,medium,negative,TRUE,FALSE,R815,,
socure,reason_code,R817,The submitted ID image has been altered,,identity,identity,medium,negative,TRUE,FALSE,R817,,
socure,reason_code,R819,"Image captured from a screen, or is a paper copy of an ID",,identity,identity,medium,negative,TRUE,FALSE,R819,,
socure,reason_code,R820,The biometric data in the document image has been modified,,identity,identity,medium,negative,TRUE,FALSE,R820,,
socure,reason_code,R821,The biographic data in the document image has been modified,,identity,identity,medium,negative,TRUE,FALSE,R821,,
socure,reason_code,R826,The ID on the document is inconsistent with submitted data,,identity,identity,medium,negative,TRUE,FALSE,R826,,
socure,reason_code,R827,The document has expired,,identity,identity,medium,negative,TRUE,FALSE,R827,,
socure,reason_code,R828,The ID expiration date inconsistent with DOB and issue date,,identity,identity,medium,negative,TRUE,FALSE,R828,,
socure,reason_code,R829,The ID issue date is inconsistent with DOB and expiration date,,identity,identity,medium,negative,TRUE,FALSE,R829,,
socure,reason_code,R830,The DOB is not valid,,identity,identity,medium,negative,TRUE,FALSE,R830,,
socure,reason_code,R831,Cannot extract the minimum information from barcode,,identity,identity,medium,negative,TRUE,FALSE,R831,,
socure,reason_code,R832,(Deprecated) - The document bar code does not match the document ID,,identity,identity,medium,negative,TRUE,FALSE,R832,,
socure,reason_code,R833,Cannot extract the minimum required information from MRZ,,identity,identity,medium,negative,TRUE,FALSE,R833,,
socure,reason_code,R834,Selfie fails the liveness check,,identity,identity,medium,negative,TRUE,FALSE,R834,,
socure,reason_code,R835,(Deprecated) - More than one face detected in the selfie,,identity,identity,medium,negative,TRUE,FALSE,R835,,
socure,reason_code,R836,Profile Image does not match the ID image,,identity,identity,medium,negative,TRUE,FALSE,R836,,
socure,reason_code,R837,The ID extracted from the bar code is not valid,,identity,identity,medium,negative,TRUE,FALSE,R837,,
socure,reason_code,R838,Unable to extract the full name from the document/bar code,,identity,identity,medium,negative,TRUE,FALSE,R838,,
socure,reason_code,R844,User is a minor (under 18),,identity,identity,medium,negative,TRUE,FALSE,R844,,
socure,reason_code,R845,Minimum age criteria not met,,identity,identity,medium,negative,TRUE,FALSE,R845,,
socure,reason_code,R853,Unable to classify the ID or this is an unsupported ID type,,identity,identity,medium,negative,TRUE,FALSE,R853,,
socure,reason_code,R856,Obstructions on the face affecting the liveness,,identity,identity,medium,negative,TRUE,FALSE,R856,,
socure,reason_code,R857,No face found in the selfie frame,,identity,identity,medium,negative,TRUE,FALSE,R857,,
socure,reason_code,R859,ID image correlates to another ID image,,identity,identity,medium,negative,TRUE,FALSE,R859,,
socure,reason_code,R861,Data extracted from document does not match with barcode or MRZ,,identity,identity,medium,negative,TRUE,FALSE,R861,,
socure,reason_code,R864,Image upload from file detected,,identity,identity,medium,negative,TRUE,FALSE,R864,,
socure,reason_code,R865,Disallowed ID Type,,identity,identity,medium,negative,TRUE,FALSE,R865,,
socure,reason_code,R866,AAMVA failed to run,,identity,identity,medium,negative,TRUE,FALSE,R866,,
socure,reason_code,R867,Some fields did not match AAMVA,,identity,identity,medium,negative,TRUE,FALSE,R867,,
socure,reason_code,R868,AAMVA under maintenance,,identity,identity,medium,negative,TRUE,FALSE,R868,,
socure,reason_code,R869,ID number did not match AAMVA,,identity,identity,medium,negative,TRUE,FALSE,R869,,
socure,reason_code,R880,Middle initial did not match AAMVA,,identity,identity,medium,negative,TRUE,FALSE,R880,,
socure,reason_code,R882,Doc Category did not match AAMVA,,identity,identity,medium,negative,TRUE,FALSE,R882,,
socure,reason_code,R883,Issue date did not match AAMVA,,identity,identity,medium,negative,TRUE,FALSE,R883,,
socure,reason_code,R884,Expiration did not match AAMVA,,identity,identity,medium,negative,TRUE,FALSE,R884,,
socure,reason_code,R885,Sex did not match AAMVA,,identity,identity,medium,negative,TRUE,FALSE,R885,,
socure,reason_code,R886,Height did not match AAMVA,,identity,identity,medium,negative,TRUE,FALSE,R886,,
socure,reason_code,R887,Weight did not match AAMVA,,identity,identity,medium,negative,TRUE,FALSE,R887,,
socure,reason_code,R888,Eye color did not match AAMVA,,identity,identity,medium,negative,TRUE,FALSE,R888,,
socure,reason_code,R901,SSN/ITIN cannot be resolved to the individual,,identity,identity,medium,negative,TRUE,FALSE,R901,,
socure,reason_code,R902,Name cannot be resolved to the individual,,identity,identity,medium,negative,TRUE,FALSE,R902,,
socure,reason_code,R903,(Deprecated) - DOB cannot be resolved to the individual,,identity,identity,medium,negative,TRUE,FALSE,R903,,
socure,reason_code,R904,(Deprecated) - KYC record validation failed on Address,,identity,identity,medium,warning,TRUE,FALSE,R904,,
socure,reason_code,R905,(Deprecated) - KYC record validation failed on Mobile Number,,identity,identity,medium,negative,TRUE,FALSE,R905,,
socure,reason_code,R906,(Deprecated) - KYC record validation failed on Driver License,,identity,identity,medium,negative,TRUE,FALSE,R906,,
socure,reason_code,R908,Some ID elements not verified,,identity,identity,medium,negative,TRUE,FALSE,R908,,
socure,reason_code,R911,SSN issued prior to DOB,,identity,identity,medium,negative,TRUE,FALSE,R911,,
socure,reason_code,R919,Address cannot be resolved to the individual,,identity,identity,medium,warning,TRUE,FALSE,R919,,
socure,reason_code,R920,Identity has an unusual gap in address history,,identity,identity,medium,warning,TRUE,FALSE,R920,,
socure,reason_code,R922,DOB cannot be resolved to the individual,,identity,identity,medium,negative,TRUE,FALSE,R922,,
socure,reason_code,R927,Name does not correlate with the name for the resolved individual,,identity,identity,medium,negative,TRUE,FALSE,R927,,
socure,reason_code,R928,SSN/ITIN is associated with multiple last names,,identity,identity,medium,negative,TRUE,FALSE,R928,,
socure,reason_code,R929,(Deprecated) - Entered driver license number invalid for entered driver license state,,identity,identity,medium,negative,TRUE,FALSE,R929,,
socure,reason_code,R930,First name does not correlate with the first name for the resolved individual,,identity,identity,medium,negative,TRUE,FALSE,R930,,
socure,reason_code,R932,Address is a correctional facility,,identity,identity,medium,warning,TRUE,FALSE,R932,,
socure,reason_code,R942,The resolved identity has greater than1 SSN on record,,identity,identity,medium,negative,TRUE,FALSE,R942,,
socure,reason_code,R947,SSN/ITIN is not the primary SSN/ITIN for the resolved identity,,identity,identity,medium,negative,TRUE,FALSE,R947,,
socure,reason_code,R949,(Deprecated) - Different driver license number found for applicant,,identity,identity,medium,negative,TRUE,FALSE,R949,,
socure,reason_code,R951,(Deprecated) - Entered driver license number possibly miskeyed,,identity,identity,medium,negative,TRUE,FALSE,R951,,
socure,reason_code,R953,(Deprecated) - SSN was randomly-issued by the SSA and cannot be resolved to the individual,,identity,identity,medium,negative,TRUE,FALSE,R953,,
socure,reason_code,R954,SSN/ITIN entered is an ITIN,,identity,identity,medium,negative,TRUE,FALSE,R954,,
socure,reason_code,R958,Entered address State differs from best associated State for input identity,,identity,identity,medium,warning,TRUE,FALSE,R958,,
socure,reason_code,R963,Address ZIP code only serves PO Boxes,,identity,identity,medium,warning,TRUE,FALSE,R963,,
socure,reason_code,R965,Address is an embassy or consulate,,identity,identity,medium,warning,TRUE,FALSE,R965,,
socure,reason_code,R966,Entered SSN recently issued,,identity,identity,medium,negative,TRUE,FALSE,R966,,
socure,reason_code,R970,Entered SSN issued within last three years,,identity,identity,medium,negative,TRUE,FALSE,R970,,
socure,reason_code,R971,"Entered SSN issued after age five, post-1990",,identity,identity,medium,negative,TRUE,FALSE,R971,,
socure,reason_code,R973,"Address is a unique ZIP code, or corporate only, routing all mail internally by the assigned organization rather than by the USPS",,identity,identity,medium,warning,TRUE,FALSE,R973,,
socure,reason_code,R975,MLA covered borrower status,,identity,identity,medium,negative,TRUE,FALSE,R975,,
socure,reason_code,R976,Identity is associated with an active duty alert,,identity,identity,medium,negative,TRUE,FALSE,R976,,
socure,reason_code,R981,Identity has no known history in the state where the input SSN was issued,,identity,identity,medium,negative,TRUE,FALSE,R981,,
socure,reason_code,R982,Identity has first name and last name same,,identity,identity,medium,negative,TRUE,FALSE,R982,,
socure,reason_code,R983,The input SSN was issued unusually later than the input DOB,,identity,identity,medium,negative,TRUE,FALSE,R983,,
socure,reason_code,R996,The permitted entity certification is invalid,,identity,identity,medium,negative,TRUE,FALSE,R996,,
socure,reason_code,R997,The eCBSV service has incurred an error,,identity,identity,medium,negative,TRUE,FALSE,R997,,
socure,reason_code,V101,State must be two characters,,unknown,unknown,low,neutral,FALSE,FALSE,V101,,
socure,reason_code,V102,Country code must meet ISO 3166-1 alpha-2 character standard,,unknown,unknown,low,neutral,FALSE,FALSE,V102,,
socure,reason_code,V103,State permitted only when country=US,,unknown,unknown,low,neutral,FALSE,FALSE,V103,,
socure,reason_code,V104,Physical address requires at least zip/country or city/country,,unknown,unknown,low,neutral,FALSE,FALSE,V104,,
socure,reason_code,V105,Physical address and city in US requires at least zip or state,,unknown,unknown,low,neutral,FALSE,FALSE,V105,,
socure,reason_code,V106,"Country code required unless physical address, city, state, and zip are specified",,unknown,unknown,low,neutral,FALSE,FALSE,V106,,
socure,reason_code,V108,IP address must meet IPV4 or IPV6 standard,,unknown,unknown,low,neutral,FALSE,FALSE,V108,,
socure,reason_code,V109,Invalid geocode format,,unknown,unknown,low,neutral,FALSE,FALSE,V109,,
socure,reason_code,V116,National ID permitted only when country=US,,unknown,unknown,low,neutral,FALSE,FALSE,V116,,
socure,reason_code,V117,Invalid driver license format,,unknown,unknown,low,neutral,FALSE,FALSE,V117,,
socure,reason_code,V118,Invalid National ID format,,unknown,unknown,low,neutral,FALSE,FALSE,V118,,
socure,reason_code,V119,Invalid image file,,unknown,unknown,low,neutral,FALSE,FALSE,V119,,
socure,reason_code,V120,Invalid name,,unknown,unknown,low,neutral,FALSE,FALSE,V120,,
socure,reason_code,V806,Insufficient resolution in submitted image,,unknown,unknown,low,neutral,FALSE,FALSE,V806,,
socure,reason_code,V807,Image entropy failure,,unknown,unknown,low,neutral,FALSE,FALSE,V807,,
socure,reason_code,V810,Unacceptable blur in document,,unknown,unknown,low,neutral,FALSE,FALSE,V810,,
socure,reason_code,V817,Color spectrum analysis failed,,unknown,unknown,low,neutral,FALSE,FALSE,V817,,
socure,reason_code,V818,The image is not in focus,,unknown,unknown,low,neutral,FALSE,FALSE,V818,,
socure,reason_code,V819,Glare in the image obscures details,,unknown,unknown,low,neutral,FALSE,FALSE,V819,,
socure,reason_code,V820,Text is too small,,unknown,unknown,low,neutral,FALSE,FALSE,V820,,
socure,reason_code,V827,The document is about to expire,,unknown,unknown,low,neutral,FALSE,FALSE,V827,,
socure,reason_code,V836,Profile Image not considered in the decision,,unknown,unknown,low,neutral,FALSE,FALSE,V836,,
